{"cameraMode":{"drawMode":0,"name":"Shaded","section":"Shading Mode"},"sceneLighting":true,"audioPlay":false,"sceneViewState":{"m_AlwaysRefresh":false,"showFog":true,"showSkybox":true,"showFlares":true,"showImageEffects":true,"showParticleSystems":true,"showVisualEffectGraphs":true,"m_FxEnabled":false},"in2DMode":false,"pivot":{"x":-4.0379719734191898,"y":6.084794998168945,"z":6.331161022186279},"rotation":{"x":-0.007408562581986189,"y":0.7447967529296875,"z":-0.6672024726867676,"w":-0.008267729543149472},"size":14.241418838500977,"orthographic":false}